id,kode_pohon,nama_lokal,nama_latin,Group,Icon,status_iucn,diameter,tinggi,unit_PS,jenis_lahan,nama_khas_wilayah,Latitude,Longitude,elevasi,jarak_permukiman,status_adopsi,nama_pengadopsi,masa_berlaku,nama_surveyor,waktu_survei,harga_adopsi,serapan_karbon,penyedia_bibit,metode_karbon,Image1,Image2,Image3,Image4,chart_link,,,,
1,TT0001KB,Bakau,Rhizophora mucronata,Pohon Muda,icon/young_tree.svg,Least concern,30,12,Hutan Kemasyarakatan Gapoktan Karya Bersama,Mangrove,HKm Gapoktan Karya Bersama,0.9559314,102.4319059,4.561535995,2.61,Belum,-,-,M. Abu,18/09/2021 10:41,50000,1093.833,-,"Krisnawati et al, 2012",media/1631936341831.jpg,media/1631936433919.jpg,media/1631936461064.jpg,media/1631936478928.jpg,,,,,
2,TT0002KB,Bakau,Rhizophora mucronata,Pohon Muda,icon/young_tree.svg,Least concern,30,12,Hutan Kemasyarakatan Gapoktan Karya Bersama,Mangrove,HKm Gapoktan Karya Bersama,0.9558306,102.431915,-15.39021296,2.61,Belum,-,-,Maringan,18/09/2021 10:48,50000,1093.833,-,"Krisnawati et al, 2012",media/1631936753580.jpg,media/1631936831917.jpg,media/1631936869531.jpg,media/1631936909026.jpg,,,,,
3,TT0003KB,Bakau,Rhizophora mucronata,Pohon Muda,icon/young_tree.svg,Least concern,22,10,Hutan Kemasyarakatan Gapoktan Karya Bersama,Mangrove,HKm Gapoktan Karya Bersama,0.9558173,102.4318783,6.731053664,2.6,Belum,-,-,Hasan,18/09/2021 10:56,50000,542.665,-,"Krisnawati et al, 2012",media/1631937287415.jpg,media/1631937308080.jpg,media/1631937353710.jpg,media/1631937403453.jpg,,,,,
4,TT0004KB,Bakau,Rhizophora mucronata,Pohon Dewasa,icon/mature_tree.svg,Least concern,40,15,Hutan Kemasyarakatan Gapoktan Karya Bersama,Mangrove,HKm Gapoktan Karya Bersama,0.9558656,102.4318545,17.56165347,2.61,Belum,-,-,Ria,18/09/2021 11:04,200000,2095.620,-,"Krisnawati et al, 2012",media/1631937691094.jpg,media/1631937785978.jpg,media/1631937817576.jpg,media/1631937857728.jpg,,,,,
5,TT0005KB,Bakau,Rhizophora mucronata,Pohon Muda,icon/young_tree.svg,Least concern,31,13,Hutan Kemasyarakatan Gapoktan Karya Bersama,Mangrove,HKm Gapoktan Karya Bersama,0.9558009,102.4318008,16.32671339,2.6,Belum,-,-,Riko,18/09/2021 11:12,50000,1177.970,-,"Krisnawati et al, 2012",media/1631938196924.jpg,media/1631938247560.jpg,media/1631938272598.jpg,media/1631938316727.jpg,,,,,
6,TT0006KB,Bakau,Rhizophora mucronata,Pohon Muda,icon/young_tree.svg,Least concern,29,15,Hutan Kemasyarakatan Gapoktan Karya Bersama,Mangrove,HKm Gapoktan Karya Bersama,0.9558809,102.4317924,17.96408381,2.6,Belum,-,-,Nizam,18/09/2021 11:16,50000,1013.156,-,"Krisnawati et al, 2012",media/1631938444772.jpg,media/1631938492604.jpg,media/1631938511580.jpg,media/1631938561030.jpg,,,,,
7,TT0007KB,Mangrove,Rhizophora mucronata,Pohon Muda,icon/young_tree.svg,Least concern,32,13,Hutan Kemasyarakatan Gapoktan Karya Bersama,Mangrove,HKm Gapoktan Karya Bersama,0.9557815,102.4318429,16.596298,2.6,Belum,-,-,Nasrum,18/09/2021 11:21,50000,1265.598,-,"Krisnawati et al, 2012",media/1631938738138.jpg,media/1631938790058.jpg,media/1631938809063.jpg,media/1631938846549.jpg,,,,,
8,TT0008KB,Bakau,Rhizophora mucronata,Pohon Muda,icon/young_tree.svg,Least concern,28,12,Hutan Kemasyarakatan Gapoktan Karya Bersama,Mangrove,HKm Gapoktan Karya Bersama,0.9557639,102.4318152,2.359821497,2.59,Belum,-,-,M. Abu,18/09/2021 11:26,50000,935.910,-,"Krisnawati et al, 2012",media/1631938981659.jpg,media/1631939148287.jpg,media/1631939182857.jpg,media/1631939207249.jpg,,,,,
9,TT0009KB,Mangrove,Rhizophora mucronata,Pohon Dewasa,icon/mature_tree.svg,Least concern,44,18,Hutan Kemasyarakatan Gapoktan Karya Bersama,Mangrove,HKm Gapoktan Karya Bersama,0.9557059,102.4318389,0.193426417,2.59,Belum,-,-,Maringan,18/09/2021 11:29,200000,2599.321,-,"Krisnawati et al, 2012",media/1631939303282.jpg,media/1631939335286.jpg,media/1631939365117.jpg,media/1631939384827.jpg,,,,,
10,TT0010KB,Bakau,Rhizophora mucronata,Pohon Dewasa,icon/mature_tree.svg,Least concern,60,18,Hutan Kemasyarakatan Gapoktan Karya Bersama,Mangrove,HKm Gapoktan Karya Bersama,0.9555391,102.4317387,37.83848447,2.57,Belum,-,-,Hasan,18/09/2021 11:35,200000,5239.366,-,"Krisnawati et al, 2012",media/1631939630739.jpg,media/1631939650859.jpg,media/1631939668857.jpg,media/1631939693768.jpg,,,,,
11,TT0011KB,Bakau,Rhizophora mucronata,Pohon Muda,icon/young_tree.svg,Least concern,35,8,Hutan Kemasyarakatan Gapoktan Karya Bersama,Mangrove,HKm Gapoktan Karya Bersama,0.9557841,102.4318899,9.987758551,2.6,Belum,-,-,Hasan,18/09/2021 11:41,50000,1549.711,-,"Krisnawati et al, 2012",media/1631940044962.jpg,media/1631940069304.jpg,media/1631940086682.jpg,media/1631940108739.jpg,,,,,
12,TT0012KB,Bakau,Rhizophora mucronata,Pohon Muda,icon/young_tree.svg,Least concern,33,15,Hutan Kemasyarakatan Gapoktan Karya Bersama,Mangrove,HKm Gapoktan Karya Bersama,0.9559158,102.4319221,10.30510913,2.61,Belum,-,-,Hasan,18/09/2021 11:45,50000,1356.746,-,"Krisnawati et al, 2012",media/1631940311085.jpg,media/1631940324968.jpg,media/1631940340608.jpg,media/1631940353622.jpg,,,,,
13,TT0013KB,Bakau,Rhizophora mucronata,Pohon Dewasa,icon/mature_tree.svg,Least concern,43,12,Hutan Kemasyarakatan Gapoktan Karya Bersama,Mangrove,Sungai tengah,0.9559753,102.4320594,6.243273238,2.63,Belum,-,-,Hasan,18/09/2021 11:51,200000,2467.719,-,"Krisnawati et al, 2012",media/1631940477439.jpg,media/1631940617446.jpg,media/1631940635160.jpg,media/1631940655180.jpg,,,,,
14,TT0014KB,Bakau,Rhizophora mucronata,Pohon Muda,icon/young_tree.svg,Least concern,29,11,Hutan Kemasyarakatan Gapoktan Karya Bersama,Mangrove,HKm Gapoktan Karya Bersama,0.9559047,102.4320531,4.982965608,2.62,Belum,-,-,Hasan,18/09/2021 11:56,50000,1013.156,-,"Krisnawati et al, 2012",media/1631940835636.jpg,media/1631940864570.jpg,media/1631940885781.jpg,media/1631940956386.jpg,,,,,
15,TT0015KB,Bakau,Rhizophora mucronata,Pohon Muda,icon/young_tree.svg,Least concern,15,7,Hutan Kemasyarakatan Gapoktan Karya Bersama,Mangrove,HKm Gapoktan Karya Bersama,0.9559074,102.4321298,-0.181127066,2.63,Belum,-,-,Hasan,18/09/2021 11:59,50000,228.362,-,"Krisnawati et al, 2012",media/1631941090997.jpg,media/1631941126139.jpg,media/1631941142147.jpg,media/1631941162274.jpg,,,,,
16,TT0016MF,Bakau,Rhizophora mucronata,Pohon Dewasa,icon/mature_tree.svg,Least concern,45,15,Hutan Kemasyarakatan KT Mangrove Formula,Mangrove,HKm Mangrove Formula,0.962129,102.3433291,21.52472812,0.53,Belum,-,-,Hasan,18/09/2021 14:26,200000,2734.747,-,"Krisnawati et al, 2012",media/1631949776290.jpg,media/1631949828329.jpg,media/1631949856150.jpg,media/1631949960153.jpg,,,,,
17,TT0088WRB,Meranti,Shorea sp.,Pohon Dewasa,icon/mature_tree.svg,Not Defined,68,21,Hutan Kemasyarakatan Rimba Wahana Lestari,Gambut,HKm wahana rimba bestari,0.8961831,102.6548806,18.07712262,4.35,Belum,-,-,Maringan,20/09/2021 10:43,200000,6992.611,-,"Chave et al, 2014",media/1632038364706.jpg,media/1632038392052.jpg,media/1632038402953.jpg,media/1632038415067.jpg,,,,,
18,TT0089WRB,Geronggang,Cratoxylum arborescens,Pohon Dewasa,icon/mature_tree.svg,Least Concern,66,25,Hutan Kemasyarakatan Rimba Wahana Lestari,Gambut,HKm wahana rimba bestari,0.8962998,102.654864,16.59213223,4.34,Belum,-,-,Maringan,20/09/2021 10:42,200000,6564.887,-,"Chave et al, 2014",media/1632038498722.jpg,media/1632038537150.jpg,media/1632038549027.jpg,media/1632038558688.jpg,,,,,
19,TT0090WRB,Meranti,Shorea sp.,Pohon Dewasa,icon/mature_tree.svg,Not Defined,60,25,Hutan Kemasyarakatan Rimba Wahana Lestari,Gambut,HKm wahana rimba bestari,0.8963146,102.6543042,17.94129012,4.29,Belum,-,-,Maringan,20/09/2021 10:43,200000,6492.869,-,"Chave et al, 2014",media/1632038781142.jpg,media/1632038793749.jpg,media/1632038807006.jpg,media/1632038840170.jpg,,,,,
20,TT0017MF,Bakau,Rhizophora mucronata,Pohon Dewasa,icon/mature_tree.svg,Least concern,50,13,Hutan Kemasyarakatan KT Mangrove Formula,Mangrove,HKm Mangrove Formula,0.962207,102.3432169,15.96168494,0.54,Belum,-,-,Hasan,18/09/2021 14:32,200000,3469.997,-,"Krisnawati et al, 2012",media/1631950183755.jpg,media/1631950275721.jpg,media/1631950293310.jpg,media/1631950327145.jpg,,,,,
21,TT0018MF,Bakau,Rhizophora mucronata,Pohon Muda,icon/young_tree.svg,Least concern,25,15,Hutan Kemasyarakatan KT Mangrove Formula,Mangrove,HKm Mangrove Formula,0.9621478,102.3432602,19.99440878,0.53,Belum,-,-,Hasan,18/09/2021 14:38,50000,724.438,-,"Krisnawati et al, 2012",media/1631950455642.jpg,media/1631950674686.jpg,media/1631950689190.jpg,media/1631950730005.jpg,,,,,
22,TT0019MF,Bakau,Rhizophora mucronata,Pohon Muda,icon/young_tree.svg,Least concern,30,17,Hutan Kemasyarakatan KT Mangrove Formula,Mangrove,HKm Mangrove Formula,0.9621265,102.343226,10.26074413,0.53,Belum,-,-,Hasan,18/09/2021 14:43,50000,1093.833,-,"Krisnawati et al, 2012",media/1631950875204.jpg,media/1631950939228.jpg,media/1631950962404.jpg,media/1631950990564.jpg,,,,,
23,TT0020MF,Bakau,Rhizophora mucronata,Pohon Muda,icon/young_tree.svg,Least concern,31,15,Hutan Kemasyarakatan KT Mangrove Formula,Mangrove,HKm Mangrove Formula,0.9619891,102.3431485,23.09243389,0.51,Belum,-,-,Hasan,18/09/2021 14:49,50000,1177.970,-,"Krisnawati et al, 2012",media/1631951225834.jpg,media/1631951309843.jpg,media/1631951330218.jpg,media/1631951354194.jpg,,,,,
24,TT0021FM,Bakau,Rhizophora mucronata,Pohon Dewasa,icon/mature_tree.svg,Least concern,47,17,Hutan Kemasyarakatan KT Mangrove Formula,Mangrove,HKm Mangrove Formula,0.9619838,102.3432087,6.801911757,0.51,Belum,-,-,Hasan,18/09/2021 14:55,200000,3017.158,-,"Krisnawati et al, 2012",media/1631951571780.jpg,media/1631951676432.jpg,media/1631951691351.jpg,media/1631951716451.jpg,,,,,
25,TT0022MF,Bakau,Rhizophora mucronata,Pohon Dewasa,icon/mature_tree.svg,Least concern,40,14,Hutan Kemasyarakatan KT Mangrove Formula,Mangrove,HKm Mangrove Formula,0.9618132,102.3430306,29.65676805,0.49,Belum,-,-,Hasan,18/09/2021 14:59,200000,2095.620,-,"Krisnawati et al, 2012",media/1631951900372.jpg,media/1631951922900.jpg,media/1631951941517.jpg,media/1631951953762.jpg,,,,,
26,TT0023MF,Bakau,Rhizophora mucronata,Pohon Dewasa,icon/mature_tree.svg,Least concern,47,20,Hutan Kemasyarakatan KT Mangrove Formula,Mangrove,HKm Mangrove Formula,0.961709,102.3430959,22.71780999,0.48,Belum,-,-,Hasan,18/09/2021 15:03,200000,3017.158,-,"Krisnawati et al, 2012",media/1631952168851.jpg,media/1631952183306.jpg,media/1631952198861.jpg,media/1631952209647.jpg,,,,,
27,TT0024MF,Bakau,Rhizophora mucronata,Pohon Dewasa,icon/mature_tree.svg,Least concern,67,20,Hutan Kemasyarakatan KT Mangrove Formula,Mangrove,HKm Mangrove Formula,0.9615389,102.3431032,25.66781562,0.46,Belum,-,-,Hasan,18/09/2021 15:09,200000,6723.354,-,"Krisnawati et al, 2012",media/1631952514890.jpg,media/1631952537832.jpg,media/1631952555980.jpg,media/1631952571019.jpg,,,,,
28,TT0025MF,Bakau,Rhizophora mucronata,Pohon Muda,icon/young_tree.svg,Least concern,36,17,Hutan Kemasyarakatan KT Mangrove Formula,Mangrove,HKm Mangrove Formula,0.9615527,102.3430987,58.0322481,0.47,Belum,-,-,Hasan,18/09/2021 15:14,50000,1651.584,-,"Krisnawati et al, 2012",media/1631952790788.jpg,media/1631952816108.jpg,media/1631952840068.jpg,media/1631952865115.jpg,,,,,
29,TT0026MF,Bakau,Rhizophora mucronata,Pohon Dewasa,icon/mature_tree.svg,Least concern,46,19,Hutan Kemasyarakatan KT Mangrove Formula,Mangrove,HKm Mangrove Formula,0.9614677,102.3430866,47.98622782,0.46,Belum,-,-,Hasan,18/09/2021 15:19,200000,2874.019,-,"Krisnawati et al, 2012",media/1631953124804.jpg,media/1631953140907.jpg,media/1631953158904.jpg,media/1631953172854.jpg,,,,,
30,TT0027MF,Bakau,Rhizophora mucronata,Pohon Dewasa,icon/mature_tree.svg,Least concern,43,15,Hutan Kemasyarakatan KT Mangrove Formula,Mangrove,HKm Mangrove Formula,0.9615551,102.3432331,49.2058179,0.47,Belum,-,-,Hasan,18/09/2021 15:23,200000,2467.719,-,"Krisnawati et al, 2012",media/1631953314343.jpg,media/1631953357919.jpg,media/1631953377897.jpg,media/1631953393007.jpg,,,,,
31,TT0028MF,Bakau,Rhizophora mucronata,Pohon Dewasa,icon/mature_tree.svg,Least concern,42,13,Hutan Kemasyarakatan KT Mangrove Formula,Mangrove,HKm Mangrove Formula,0.9619163,102.3433104,24.680272,0.51,Belum,-,-,Hasan,18/09/2021 15:30,200000,2339.916,-,"Krisnawati et al, 2012",media/1631953767350.jpg,media/1631953778653.jpg,media/1631953792011.jpg,media/1631953808810.jpg,,,,,
32,TT0029MF,Bakau,Rhizophora mucronata,Pohon Dewasa,icon/mature_tree.svg,Least concern,42,15,Hutan Kemasyarakatan KT Mangrove Formula,Mangrove,HKm Mangrove Formula,0.9621522,102.3433453,26.97350237,0.53,Belum,-,-,Hasan,18/09/2021 15:36,200000,2339.916,-,"Krisnawati et al, 2012",media/1631954050068.jpg,media/1631954084411.jpg,media/1631954122755.jpg,media/1631954185679.jpg,,,,,
33,TT0030WRB,Kelat,Eugenia sp.,Pohon Dewasa,icon/mature_tree.svg,Least Concern,76,20,Hutan Kemasyarakatan Rimba Wahana Lestari,Gambut,HKm Rimba Wahana Bestari,0.8961511,102.6581505,25.90203263,4.68,Belum,-,-,Maringan,19/09/2021 09:56,200000,10043.622,-,"Chave et al, 2014",media/1632020087854.jpg,media/1632020109910.jpg,media/1632020131893.jpg,media/1632020154685.jpg,,,,,
34,TT0031WRB,Geronggang,Cratoxylum arborescens,Pohon Dewasa,icon/mature_tree.svg,Least Concern,42,25,Hutan Kemasyarakatan Rimba Wahana Lestari,Gambut,HKm Wahana Rimba Bestari,0.8963051,102.658153,43.06682759,4.67,Belum,-,-,Maringan,19/09/2021 10:01,200000,2716.815,-,"Chave et al, 2014",media/1632020389485.jpg,media/1632020422621.jpg,media/1632020441407.jpg,media/1632020453626.jpg,,,,,
35,TT0032WRB,Kelat,Eugenia sp.,Pohon Dewasa,icon/mature_tree.svg,Least Concern,58,25,Hutan Kemasyarakatan Rimba Wahana Lestari,Gambut,HKm Rimba Wahana Bestari,0.8963383,102.6581624,18.52983349,4.67,Belum,-,-,Maringan,19/09/2021 10:04,200000,7367.800,-,"Chave et al, 2014",media/1632020594743.jpg,media/1632020613093.jpg,media/1632020625344.jpg,media/1632020646175.jpg,,,,,
36,TT0033WRB,Punak,Tetramerista glabra,Pohon Dewasa,icon/mature_tree.svg,Vulnerable,47,25,Hutan Kemasyarakatan Rimba Wahana Lestari,Gambut,HKm Rimba Wahana Bestari,0.8963949,102.6581822,7.683168108,4.67,Belum,-,-,Maringan,19/09/2021 10:07,200000,4126.956,-,"Chave et al, 2014",media/1632020788279.jpg,media/1632020810223.jpg,media/1632020825077.jpg,media/1632020835830.jpg,,,,,
37,TT0034WRB,Punak,Tetramerista glabra,Pohon Dewasa,icon/mature_tree.svg,Vulnerable,69,25,Hutan Kemasyarakatan Rimba Wahana Lestari,Gambut,HKm wahana rimba bestari,0.8963943,102.6582119,34.09902832,4.67,Belum,-,-,Maringan,19/09/2021 10:10,200000,8732.293,-,"Chave et al, 2014",media/1632020958153.jpg,media/1632020970844.jpg,media/1632020984831.jpg,media/1632021005923.jpg,,,,,
38,TT0035WRB,Kelat,Eugenia sp.,Pohon Dewasa,icon/mature_tree.svg,Least Concern,57,35,Hutan Kemasyarakatan Rimba Wahana Lestari,Gambut,HKm wahana rimba bestari,0.8964139,102.6582378,39.00605422,4.67,Belum,-,-,Maringan,19/09/2021 10:14,200000,9890.428,-,"Chave et al, 2014",media/1632021237416.jpg,media/1632021256961.jpg,media/1632021273287.jpg,media/1632021283814.jpg,,,,,
39,TT0036WRB,Geronggang,Cratoxylum arborescens,Pohon Dewasa,icon/mature_tree.svg,Least Concern,49,30,Hutan Kemasyarakatan Rimba Wahana Lestari,Gambut,Geronggang,0.8965147,102.6582003,33.0534828,4.67,Belum,-,-,Maringan,19/09/2021 10:17,200000,4385.520,-,"Chave et al, 2014",media/1632021401703.jpg,media/1632021422515.jpg,media/1632021437648.jpg,media/1632021467928.jpg,,,,,
40,TT0037WRB,Malas,Parastemon urophyllum,Pohon Dewasa,icon/mature_tree.svg,Not Defined,60,25,Hutan Kemasyarakatan Rimba Wahana Lestari,Gambut,HKm Rimba Wahana Bestari,0.8963934,102.6580211,36.04971823,4.65,Belum,-,-,Maringan,19/09/2021 10:21,200000,10129.005,-,"Chave et al, 2014",media/1632021646737.jpg,media/1632021666956.jpg,media/1632021681782.jpg,media/1632021692590.jpg,,,,,
41,TT0087WRB,Geronggang,Cratoxylum arborescens,Pohon Dewasa,icon/mature_tree.svg,Least Concern,72,20,Hutan Kemasyarakatan Rimba Wahana Lestari,Gambut,HKm wahana rimba wahana,0.8961412,102.6555604,3.850432409,4.42,Belum,-,-,Maringan,20/09/2021 10:44,200000,6257.579,-,"Chave et al, 2014",media/1632037997277.jpg,media/1632038065280.jpg,media/1632038081929.jpg,media/1632038096786.jpg,,,,,
42,TT0038WRB,Kelat,Eugenia sp.,Pohon Dewasa,icon/mature_tree.svg,Least Concern,53,20,Hutan Kemasyarakatan Rimba Wahana Lestari,Gambut,HKm Rimba Wahana Bestari,0.8964308,102.6580844,16.02079576,4.66,Belum,-,-,Maringan,19/09/2021 10:24,200000,4969.683,-,"Chave et al, 2014",media/1632021813797.jpg,media/1632021845487.jpg,media/1632021859461.jpg,media/1632021877301.jpg,,,,,
43,TT0039WRB,Meranti,Shorea sp.,Pohon Dewasa,icon/mature_tree.svg,Not Defined,40,18,Hutan Kemasyarakatan Rimba Wahana Lestari,Gambut,HKm Rimba Wahana Bestari,0.8963965,102.6580633,24.88243018,4.66,Belum,-,-,Maringan,19/09/2021 10:27,200000,2135.320,-,"Chave et al, 2014",media/1632021991686.jpg,media/1632022013466.jpg,media/1632022026856.jpg,media/1632022037390.jpg,,,,,
44,TT0040WRB,Ramen,Dialium sp.,Pohon Dewasa,icon/mature_tree.svg,Not Defined,42,20,Hutan Kemasyarakatan Rimba Wahana Lestari,Gambut,Tj Darul Takzim,0.8965317,102.6580861,23.81938255,4.65,Belum,-,-,Maringan,19/09/2021 10:30,200000,3477.748,-,"Chave et al, 2014",media/1632022136809.jpg,media/1632022162557.jpg,media/1632022176751.jpg,media/1632022192162.jpg,,,,,
45,TT0041WRB,Ramen,Dialium sp.,Pohon Dewasa,icon/mature_tree.svg,Not Defined,43,20,Hutan Kemasyarakatan Rimba Wahana Lestari,Gambut,Tj Darul Takzim,0.8964793,102.6579837,18.95353084,4.65,Belum,-,-,Maringan,19/09/2021 10:33,200000,3641.212,-,"Chave et al, 2014",media/1632022335597.jpg,media/1632022385287.jpg,media/1632022400224.jpg,media/1632022414192.jpg,,,,,
46,TT0042WRB,Kelat,Eugenia sp.,Pohon Dewasa,icon/mature_tree.svg,Least Concern,56,18,Hutan Kemasyarakatan Rimba Wahana Lestari,Gambut,Tj Darul Takzim,0.8963962,102.658013,15.92018114,4.65,Belum,-,-,Maringan,19/09/2021 10:36,200000,4992.820,-,"Chave et al, 2014",media/1632022512935.jpg,media/1632022544646.jpg,media/1632022560902.jpg,media/1632022573162.jpg,,,,,
47,TT0043WRB,Temengko,-,Pohon Dewasa,icon/mature_tree.svg,Not Defined,40,19,Hutan Kemasyarakatan Rimba Wahana Lestari,Gambut,Tj Darul Takzim,0.8963862,102.6580739,37.20294828,4.66,Belum,-,-,Maringan,19/09/2021 10:39,200000,2921.874,-,"Brown, 1997",media/1632022678916.jpg,media/1632022699104.jpg,media/1632022715629.jpg,media/1632022740270.jpg,,,,,
48,TT0045WRB,Medang,Alseodaphne elmeri,Pohon Dewasa,icon/mature_tree.svg,Vulnerable,65,25,Hutan Kemasyarakatan Rimba Wahana Lestari,Gambut,Tj Darul Takzim,0.8966312,102.6580477,23.38991684,4.64,Belum,-,-,Maringan,19/09/2021 10:48,200000,7480.618,-,"Chave et al, 2014",media/1632023199068.jpg,media/1632023304467.jpg,media/1632023315070.jpg,media/1632023323836.jpg,,,,,
49,TT0044WRB,Kelat,Eugenia sp.,Pohon Dewasa,icon/mature_tree.svg,Least Concern,53,18,Hutan Kemasyarakatan Rimba Wahana Lestari,Gambut,HKm Rimba Wahana Bestari,0.8966857,102.6580382,1.495840776,4.64,Belum,-,-,Maringan,19/09/2021 11:04,200000,4484.039,-,"Chave et al, 2014",media/1632024171365.jpg,media/1632024210716.jpg,media/1632024231238.jpg,media/1632024257725.jpg,,,,,
50,TT0046WRB,Meranti,Shorea sp.,Pohon Dewasa,icon/mature_tree.svg,Not Defined,52,21,Hutan Kemasyarakatan Rimba Wahana Lestari,Gambut,Tj Darul Takzim,0.8967058,102.6582274,11.18162981,4.66,Belum,-,-,Maringan,19/09/2021 11:07,200000,4142.099,-,"Chave et al, 2014",media/1632024396017.jpg,media/1632024411110.jpg,media/1632024424655.jpg,media/1632024432959.jpg,,,,,
51,TT0047WRB,Kelat,Eugenia sp.,Pohon Dewasa,icon/mature_tree.svg,Least Concern,49,15,Hutan Kemasyarakatan Rimba Wahana Lestari,Gambut,Tj Darul Takzim,0.8967751,102.6580979,-0.049097703,4.64,Belum,-,-,Maringan,19/09/2021 11:12,200000,3220.066,-,"Chave et al, 2014",media/1632024687757.jpg,media/1632024702585.jpg,media/1632024715775.jpg,media/1632024728486.jpg,,,,,
52,TT0048WRB,Kelat,Eugenia sp.,Pohon Dewasa,icon/mature_tree.svg,Least Concern,45,20,Hutan Kemasyarakatan Rimba Wahana Lestari,Gambut,Tj Darul Takzim,0.8968787,102.6580674,22.50629347,4.64,Belum,-,-,Maringan,19/09/2021 11:15,200000,3610.880,-,"Chave et al, 2014",media/1632024846002.jpg,media/1632024874091.jpg,media/1632024886176.jpg,media/1632024907909.jpg,,,,,
53,TT0049WRB,Malas,Parastemon urophyllum,Pohon Dewasa,icon/mature_tree.svg,Not Defined,58,26,Hutan Kemasyarakatan Rimba Wahana Lestari,Gambut,Tj Darul Takzim,0.8970276,102.6580397,5.921741575,4.63,Belum,-,-,Maringan,19/09/2021 11:17,200000,9850.347,-,"Chave et al, 2014",media/1632025025091.jpg,media/1632025033865.jpg,media/1632025046750.jpg,media/1632025056686.jpg,,,,,
54,TT0050WRB,Punak,Tetramerista glabra,Pohon Dewasa,icon/mature_tree.svg,Vulnerable,72,35,Hutan Kemasyarakatan Rimba Wahana Lestari,Gambut,Tj Darul Takzim,0.8969981,102.6579198,5.130560028,4.61,Belum,-,-,Maringan,19/09/2021 11:20,200000,13177.374,-,"Chave et al, 2014",media/1632025150235.jpg,media/1632025161533.jpg,media/1632025175069.jpg,media/1632025210720.jpg,,,,,
55,TT0051WRB,Punak,Tetramerista glabra,Pohon Dewasa,icon/mature_tree.svg,Vulnerable,41,30,Hutan Kemasyarakatan Rimba Wahana Lestari,Gambut,Tj Darul Takzim,0.897063,102.658211,25.12899059,4.64,Belum,-,-,Maringan,19/09/2021 11:22,200000,3776.851,-,"Chave et al, 2014",media/1632025314801.jpg,media/1632025329335.jpg,media/1632025342844.jpg,media/1632025353309.jpg,,,,,
56,TT0052WRB,Ramen,Dialium sp.,Pohon Dewasa,icon/mature_tree.svg,Not Defined,50,32,Hutan Kemasyarakatan Rimba Wahana Lestari,Gambut,Tj Darul Takzim,0.8970169,102.6581929,12.04665374,4.64,Belum,-,-,Maringan,19/09/2021 11:25,200000,7732.609,-,"Chave et al, 2014",media/1632025442879.jpg,media/1632025467488.jpg,media/1632025480217.jpg,media/1632025497515.jpg,,,,,
57,TT0053WRB,Teratai,Santiria laevigata,Pohon Dewasa,icon/mature_tree.svg,Least concern,40,30,Hutan Kemasyarakatan Rimba Wahana Lestari,Gambut,Tj Darul Takzim,0.8969289,102.6582732,3.211001808,4.65,Belum,-,-,Maringan,19/09/2021 11:27,200000,3197.934,-,"Chave et al, 2014",media/1632025593916.jpg,media/1632025607341.jpg,media/1632025620309.jpg,media/1632025629661.jpg,,,,,
58,TT0054WRB,Kelat,Eugenia sp.,Pohon Dewasa,icon/mature_tree.svg,Least Concern,97,30,Hutan Kemasyarakatan Rimba Wahana Lestari,Gambut,Tj Darul Takzim,0.8970791,102.6581656,18.05272219,4.64,Belum,-,-,Maringan,19/09/2021 11:31,200000,24020.704,-,"Chave et al, 2014",media/1632025800366.jpg,media/1632025843414.jpg,media/1632025857225.jpg,media/1632025871155.jpg,,,,,
59,TT0055WRB,Kelat,Eugenia sp.,Pohon Dewasa,icon/mature_tree.svg,Least Concern,54,25,Hutan Kemasyarakatan Rimba Wahana Lestari,Gambut,Tj Darul Takzim,0.8968013,102.6582697,-1.095212475,4.66,Belum,-,-,Maringan,20/09/2021 09:36,200000,6408.539,-,"Chave et al, 2014",media/1632026029463.jpg,media/1632026126583.jpg,media/1632026149767.jpg,media/1632026167758.jpg,,,,,
60,TT0056WRB,Punak,Tetramerista glabra,Pohon Dewasa,icon/mature_tree.svg,Vulnerable,54,30,Hutan Kemasyarakatan Rimba Wahana Lestari,Gambut,Tj Darul Takzim,0.8967102,102.6578577,9.654965276,4.62,Belum,-,-,Maringan,20/09/2021 09:40,200000,6465.593,-,"Chave et al, 2014",media/1632026381001.jpg,media/1632026402546.jpg,media/1632026415925.jpg,media/1632026440877.jpg,,,,,
61,TT0057WRB,Ramen,Dialium sp.,Pohon Dewasa,icon/mature_tree.svg,Not Defined,58,40,Hutan Kemasyarakatan Rimba Wahana Lestari,Gambut,Tj Darul Takzim,0.8968363,102.6578448,4.12546977,4.61,Belum,-,-,Maringan,20/09/2021 09:44,200000,12844.944,-,"Chave et al, 2014",media/1632026553899.jpg,media/1632026605043.jpg,media/1632026619413.jpg,media/1632026663128.jpg,,,,,
62,TT0058WRB,Meranti,Shorea sp.,Pohon Dewasa,icon/mature_tree.svg,Not Defined,76,25,Hutan Kemasyarakatan Rimba Wahana Lestari,Gambut,Tj Darul Takzim,0.896757,102.657963,13.95053205,4.63,Belum,-,-,Maringan,20/09/2021 09:48,200000,10299.912,-,"Chave et al, 2014",media/1632026847420.jpg,media/1632026926887.jpg,media/1632026942878.jpg,media/1632026970149.jpg,,,,,
63,TT0059WRB,Geronggang,Cratoxylum arborescens,Pohon Dewasa,icon/mature_tree.svg,Least Concern,59,25,Hutan Kemasyarakatan Rimba Wahana Lestari,Gambut,Tj Darul Takzim,0.8958729,102.6577129,29.75487294,4.65,Belum,-,-,Maringan,20/09/2021 13:03,200000,5274.492,-,"Chave et al, 2014",media/1632031221799.jpg,media/1632031263398.jpg,media/1632031318442.jpg,media/1632031336887.jpg,,,,,
64,TT0060WRB,Meranti,Shorea sp.,Pohon Dewasa,icon/mature_tree.svg,Not Defined,40,21,Hutan Kemasyarakatan Rimba Wahana Lestari,Gambut,Tj Darul Takzim,0.8957888,102.6579216,37.36048902,4.67,Belum,-,-,Maringan,20/09/2021 13:07,200000,2482.007,-,"Chave et al, 2014",media/1632031512118.jpg,media/1632031570563.jpg,media/1632031583767.jpg,media/1632031598145.jpg,,,,,
65,TT0061WRB,Meranti,Shorea sp.,Pohon Dewasa,icon/mature_tree.svg,Not Defined,51,23,Hutan Kemasyarakatan Rimba Wahana Lestari,Gambut,HKm Wana Rimba Bestari,0.8957463,102.6578694,35.3897365,4.67,Belum,-,-,Maringan,20/09/2021 13:11,200000,4358.322,-,"Chave et al, 2014",media/1632031724853.jpg,media/1632031759630.jpg,media/1632031778019.jpg,media/1632031801666.jpg,,,,,
66,TT0062WRB,Geronggang,Cratoxylum arborescens,Pohon Dewasa,icon/mature_tree.svg,Least Concern,70,19,Hutan Kemasyarakatan Rimba Wahana Lestari,Gambut,HKM Rimba Wahana Bestari,0.8957065,102.6574145,34.74105468,4.63,Belum,-,-,Maringan,20/09/2021 13:16,200000,5633.560,-,"Chave et al, 2014",media/1632032123006.jpg,media/1632032152882.jpg,media/1632032167468.jpg,media/1632032218604.jpg,,,,,
67,TT0063WRB,Geronggang,Cratoxylum arborescens,Pohon Dewasa,icon/mature_tree.svg,Least Concern,80,25,Hutan Kemasyarakatan Rimba Wahana Lestari,Gambut,HKM Rimba Wahana Bestari,0.8957361,102.6573151,27.09833752,4.61,Belum,-,-,Maringan,20/09/2021 13:18,200000,9556.726,-,"Chave et al, 2014",media/1632032325424.jpg,media/1632032343310.jpg,media/1632032357906.jpg,media/1632032375934.jpg,,,,,
68,TT0064WRB,Geronggang,Cratoxylum arborescens,Pohon Dewasa,icon/mature_tree.svg,Least Concern,49,15,Hutan Kemasyarakatan Rimba Wahana Lestari,Gambut,HKm wahana rimba bestari,0.8957445,102.6573584,38.51135878,4.62,Belum,-,-,Maringan,20/09/2021 13:22,200000,2229.543,-,"Chave et al, 2014",media/1632032514358.jpg,media/1632032529487.jpg,media/1632032541824.jpg,media/1632032551980.jpg,,,,,
69,TT0065WRB,Meranti,Shorea sp.,Pohon Dewasa,icon/mature_tree.svg,Not Defined,60,25,Hutan Kemasyarakatan Rimba Wahana Lestari,Gambut,HKm rimba wahana bestari,0.895891,102.6573337,32.87530609,4.61,Belum,-,-,Maringan,20/09/2021 13:26,200000,6492.869,-,"Chave et al, 2014",media/1632032670235.jpg,media/1632032694696.jpg,media/1632032706939.jpg,media/1632032761445.jpg,,,,,
70,TT0066WRB,Meranti,Shorea sp.,Pohon Dewasa,icon/mature_tree.svg,Not Defined,59,23,Hutan Kemasyarakatan Rimba Wahana Lestari,Gambut,HKm rimba wahana bestari,0.895902,102.6571518,36.5634541,4.59,Belum,-,-,Maringan,20/09/2021 13:29,200000,5792.225,-,"Chave et al, 2014",media/1632032875495.jpg,media/1632032938247.jpg,media/1632032950459.jpg,media/1632032965462.jpg,,,,,
71,TT0067WRB,Geronggang,Cratoxylum arborescens,Pohon Dewasa,icon/mature_tree.svg,Least Concern,71,26,Hutan Kemasyarakatan Rimba Wahana Lestari,Gambut,HKm rimba wahana bestari,0.8957422,102.6572977,45.12313463,4.61,Belum,-,-,Maringan,20/09/2021 13:34,200000,7866.079,-,"Chave et al, 2014",media/1632033130666.jpg,media/1632033236414.jpg,media/1632033259899.jpg,media/1632033276472.jpg,,,,,
72,TT0068WRB,Punak,Tetramerista glabra,Pohon Dewasa,icon/mature_tree.svg,Vulnerable,43,17,Hutan Kemasyarakatan Rimba Wahana Lestari,Gambut,HKm wahana rimba wahana,0.8957091,102.6573922,34.42972773,4.62,Belum,-,-,Maringan,20/09/2021 13:39,200000,2380.970,-,"Chave et al, 2014",media/1632033415442.jpg,media/1632033486759.jpg,media/1632033502159.jpg,media/1632033515006.jpg,,,,,
73,TT0069WRB,Kelat,Eugenia sp.,Pohon Dewasa,icon/mature_tree.svg,Least Concern,47,20,Hutan Kemasyarakatan Rimba Wahana Lestari,Gambut,HKm wahana rimba bestari,0.8956264,102.657274,49.7186494,4.62,Belum,-,-,Maringan,20/09/2021 13:42,200000,3930.767,-,"Chave et al, 2014",media/1632033624422.jpg,media/1632033697374.jpg,media/1632033714773.jpg,media/1632033732167.jpg,,,,,
74,TT0070WRB,Punak,Tetramerista glabra,Pohon Dewasa,icon/mature_tree.svg,Vulnerable,52,15,Hutan Kemasyarakatan Rimba Wahana Lestari,Gambut,HKm rimba wahana bestari,0.8956641,102.657243,31.55573445,4.61,Belum,-,-,Maringan,20/09/2021 13:45,200000,3053.578,-,"Chave et al, 2014",media/1632033839145.jpg,media/1632033921008.jpg,media/1632033937635.jpg,media/1632033949658.jpg,,,,,
75,TT0071WRB,Punak,Tetramerista glabra,Pohon Dewasa,icon/mature_tree.svg,Vulnerable,45,16,Hutan Kemasyarakatan Rimba Wahana Lestari,Gambut,HKm wahana rimba bestari,0.8956628,102.6570612,34.3154148,4.59,Belum,-,-,Maringan,20/09/2021 13:50,200000,2452.434,-,"Chave et al, 2014",media/1632034125850.jpg,media/1632034138242.jpg,media/1632034157692.jpg,media/1632034173643.jpg,,,,,
76,TT0072WRB,Meranti,Shorea sp.,Pohon Dewasa,icon/mature_tree.svg,Not Defined,53,23,Hutan Kemasyarakatan Rimba Wahana Lestari,Gambut,HKm rimba wahana bestari,0.8957059,102.6570505,18.73565516,4.59,Belum,-,-,Maringan,20/09/2021 13:53,200000,4698.171,-,"Chave et al, 2014",media/1632034332383.jpg,media/1632034413180.jpg,media/1632034429555.jpg,media/1632034443734.jpg,,,,,
77,TT0073WRB,Arang-Arang,Diospyros siamang,Pohon Dewasa,icon/mature_tree.svg,Not Defined,61,20,Hutan Kemasyarakatan Rimba Wahana Lestari,Gambut,HKm rimba wahana bestari,0.8957591,102.6571546,29.67970669,4.6,Belum,-,-,Maringan,20/09/2021 14:01,200000,5185.004,-,"Chave et al, 2014",media/1632034787010.jpg,media/1632034798415.jpg,media/1632034810184.jpg,media/1632034850478.jpg,,,,,
78,TT0074WRB,Meranti,Shorea sp.,Pohon Dewasa,icon/mature_tree.svg,Not Defined,56,25,Hutan Kemasyarakatan Rimba Wahana Lestari,Gambut,HKm rimba wahana bestari,0.8957922,102.6570772,30.8122723,4.59,Belum,-,-,Maringan,20/09/2021 13:04,200000,5674.772,-,"Chave et al, 2014",media/1632034940389.jpg,media/1632034952836.jpg,media/1632034962030.jpg,media/1632034971108.jpg,,,,,
79,TT0075WRB,Geronggang,Cratoxylum arborescens,Pohon Dewasa,icon/mature_tree.svg,Least Concern,47,30,Hutan Kemasyarakatan Rimba Wahana Lestari,Gambut,HKm wahana rimba bestari,0.8957988,102.65706,36.86410175,4.59,Belum,-,-,Maringan,20/09/2021 14:06,200000,4042.904,-,"Chave et al, 2014",media/1632035085436.jpg,media/1632035161007.jpg,media/1632035171970.jpg,media/1632035187167.jpg,,,,,
80,TT0046WRB,Kelat,Eugenia sp.,Pohon Dewasa,icon/mature_tree.svg,Least Concern,43,15,Hutan Kemasyarakatan Rimba Wahana Lestari,Gambut,HKm wahana rimba bestari,0.8958613,102.6569728,15.80615007,4.57,Belum,-,-,Maringan,20/09/2021 14:08,200000,2495.356,-,"Chave et al, 2014",media/1632035273387.jpg,media/1632035302610.jpg,media/1632035313219.jpg,media/1632035323494.jpg,,,,,
81,TT0077WRB,Meranti,Shorea sp.,Pohon Dewasa,icon/mature_tree.svg,Not Defined,76,70,Hutan Kemasyarakatan Rimba Wahana Lestari,Gambut,Hkm wahana rimba bestari,0.8959952,102.6569678,17.74858398,4.57,Belum,-,-,Maringan,20/09/2021 12:45,200000,28135.833,-,"Chave et al, 2014",media/1632035456763.jpg,media/1632035493032.jpg,media/1632035507385.jpg,media/1632035517074.jpg,,,,,
82,TT0078WRB,Geronggang,Cratoxylum arborescens,Pohon Dewasa,icon/mature_tree.svg,Least Concern,93,20,Hutan Kemasyarakatan Rimba Wahana Lestari,Gambut,HKm wahana rimba bestari,0.8960043,102.657006,28.29904571,4.57,Belum,-,-,Maringan,20/09/2021 14:14,200000,10312.692,-,"Chave et al, 2014",media/1632035654977.jpg,media/1632035667345.jpg,media/1632035678491.jpg,media/1632035688730.jpg,,,,,
83,TT0079WRB,Geronggang,Cratoxylum arborescens,Pohon Dewasa,icon/mature_tree.svg,Least Concern,57,25,Hutan Kemasyarakatan Rimba Wahana Lestari,Gambut,HKm wahana rimba bestari,0.8959991,102.6568769,21.77521605,4.56,Belum,-,-,Maringan,20/09/2021 14:18,200000,4931.116,-,"Chave et al, 2014",media/1632035787262.jpg,media/1632035856737.jpg,media/1632035875493.jpg,media/1632035903655.jpg,,,,,
84,TT0080WRB,Geronggang,Cratoxylum arborescens,Pohon Dewasa,icon/mature_tree.svg,Least Concern,72,20,Hutan Kemasyarakatan Rimba Wahana Lestari,Gambut,HKm wahana rimba bestari,0.8959879,102.656786,4.938672131,4.55,Belum,-,-,Maringan,20/09/2021 13:01,200000,6257.579,-,"Chave et al, 2014",media/1632035998315.jpg,media/1632036037895.jpg,media/1632036050127.jpg,media/1632036065190.jpg,,,,,
85,TT0081WRB,Geronggang,Cratoxylum arborescens,Pohon Dewasa,icon/mature_tree.svg,Least Concern,60,18,Hutan Kemasyarakatan Rimba Wahana Lestari,Gambut,HKm Wana Rimba Bestari,0.8960336,102.6564939,17.06983143,4.52,Belum,-,-,Maringan,20/09/2021 13:32,200000,3955.353,-,"Chave et al, 2014",media/1632036710880.jpg,media/1632036733581.jpg,media/1632036747286.jpg,media/1632036760749.jpg,,,,,
86,TT0082WRB,Meranti,Shorea sp.,Pohon Dewasa,icon/mature_tree.svg,Not Defined,40,13,Hutan Kemasyarakatan Rimba Wahana Lestari,Gambut,HKm rimba wahana bestari,0.8959613,102.6565277,-5.392651677,4.52,Belum,-,-,Maringan,20/09/2021 14:35,200000,1554.268,-,"Chave et al, 2014",media/1632036869228.jpg,media/1632036883174.jpg,media/1632036896811.jpg,media/1632036905412.jpg,,,,,
87,TT0083WRB,Meranti,Shorea sp.,Pohon Dewasa,icon/mature_tree.svg,Not Defined,55,20,Hutan Kemasyarakatan Rimba Wahana Lestari,Gambut,HKm wahana rimba bestari,0.8958815,102.6563808,-23.54411701,4.51,Belum,-,-,Maringan,20/09/2021 11:14,200000,4406.454,-,"Chave et al, 2014",media/1632037005613.jpg,media/1632037023512.jpg,media/1632037034076.jpg,media/1632037049990.jpg,,,,,
88,TT0084WRB,Meranti,Shorea sp.,Pohon Dewasa,icon/mature_tree.svg,Not Defined,44,15,Hutan Kemasyarakatan Rimba Wahana Lestari,Gambut,Hkm wahana rimba bestari,0.8958817,102.6563796,-5.665747729,4.51,Belum,-,-,Maringan,20/09/2021 10:59,200000,2152.686,-,"Chave et al, 2014",media/1632037131212.jpg,media/1632037157323.jpg,media/1632037166536.jpg,media/1632037197833.jpg,,,,,
89,TT0085WRB,Kelat,Eugenia sp.,Pohon Dewasa,icon/mature_tree.svg,Least Concern,63,25,Hutan Kemasyarakatan Rimba Wahana Lestari,Gambut,HKm wahana rimba bestari,0.8957854,102.6561918,28.91238461,4.5,Belum,-,-,Maringan,20/09/2021 10:53,200000,8658.430,-,"Chave et al, 2014",media/1632037336808.jpg,media/1632037382904.jpg,media/1632037394649.jpg,media/1632037404064.jpg,,,,,
90,TT0086WRB,Geronggang,Cratoxylum arborescens,Pohon Dewasa,icon/mature_tree.svg,Least Concern,67,25,Hutan Kemasyarakatan Rimba Wahana Lestari,Gambut,HKm wahana rimba bestari,0.895955,102.6556209,22.89733101,4.43,Belum,-,-,Maringan,20/09/2021 10:44,200000,6760.448,-,"Chave et al, 2014",media/1632037752822.jpg,media/1632037797250.jpg,media/1632037809099.jpg,media/1632037834460.jpg,,,,,
91,TT0091WRB,Geronggang,Cratoxylum arborescens,Pohon Dewasa,icon/mature_tree.svg,Least Concern,45,17,Hutan Kemasyarakatan Rimba Wahana Lestari,Gambut,TDT,0.8962131,102.6525841,7.22867248,4.12,Belum,-,-,Maringan,25/10/2021 10:36,200000,2133.423,-,"Chave et al, 2014",media/1635132905741.jpg,media/1635132923475.jpg,media/1635132950134.jpg,media/1635132993899.jpg,,,,,
92,TT00092RWB,Meranti,Shorea sp.,Pohon Dewasa,icon/mature_tree.svg,Not Defined,40,20,Hutan Kemasyarakatan Rimba Wahana Lestari,Gambut,TDT,0.8962383,102.6525367,17.22663395,4.12,Belum,-,-,Maringan,25/10/2021 10:39,200000,2366.586,-,"Chave et al, 2014",media/1635133131008.jpg,media/1635133144375.jpg,media/1635133165915.jpg,media/1635133176767.jpg,,,,,
93,TT00093WRB,Geronggang,Cratoxylum arborescens,Pohon Dewasa,icon/mature_tree.svg,Least Concern,47,25,Hutan Kemasyarakatan Rimba Wahana Lestari,Gambut,TDT,0.8962292,102.6525456,10.28828197,4.12,Belum,-,-,Ria,25/10/2021 10:42,200000,3383.861,-,"Chave et al, 2014",media/1635133315564.jpg,media/1635133337680.jpg,media/1635133362124.jpg,media/1635133371317.jpg,,,,,
94,TT00094WRB,Jangkang,Sterculia foetida ,Pohon Dewasa,icon/mature_tree.svg,Not Defined,50,27,Hutan Kemasyarakatan Rimba Wahana Lestari,Gambut,TDT,0.8964315,102.6524464,14.12669015,4.1,Belum,-,-,Ria,25/10/2021 10:48,200000,4299.393,-,"Chave et al, 2014",media/1635133671800.jpg,media/1635133683218.jpg,media/1635133693930.jpg,media/1635133702644.jpg,,,,,
95,TT0095WRB,Jangkang,Sterculia foetida ,Pohon Dewasa,icon/mature_tree.svg,Not Defined,50,25,Hutan Kemasyarakatan Rimba Wahana Lestari,Gambut,TDT,0.8964826,102.6524608,15.69273797,4.1,Belum,-,-,Maringan,25/10/2021 10:53,200000,3988.279,-,"Chave et al, 2014",media/1635133948260.jpg,media/1635133957645.jpg,media/1635133969353.jpg,media/1635133977200.jpg,,,,,
96,TT0096WRB,Geronggang,Cratoxylum arborescens,Pohon Dewasa,icon/mature_tree.svg,Least Concern,45,21,Hutan Kemasyarakatan Rimba Wahana Lestari,Gambut,TDT,0.8964429,102.652396,20.1177122,4.09,Belum,-,-,Abu,25/10/2021 10:57,200000,2622.074,-,"Chave et al, 2014",media/1635134194805.jpg,media/1635134205416.jpg,media/1635134215401.jpg,media/1635134224381.jpg,,,,,
97,TT0097WRB,Meranti,Shorea sp.,Pohon Dewasa,icon/mature_tree.svg,Not Defined,45,18,Hutan Kemasyarakatan Rimba Wahana Lestari,Gambut,TDT,0.8965153,102.6525514,29.84226823,4.1,Belum,-,-,Abu,25/10/2021 11:00,200000,2687.279,-,"Chave et al, 2014",media/1635134381730.jpg,media/1635134389325.jpg,media/1635134400609.jpg,media/1635134410535.jpg,,,,,
98,TT0098WRB,Meranti,Shorea sp.,Pohon Dewasa,icon/mature_tree.svg,Not Defined,50,25,Hutan Kemasyarakatan Rimba Wahana Lestari,Gambut,TDT,0.896468,102.6528001,22.57838815,4.13,Belum,-,-,Abu,25/10/2021 11:05,200000,4548.570,-,"Chave et al, 2014",media/1635134713631.jpg,media/1635134722433.jpg,media/1635134734334.jpg,media/1635134742837.jpg,,,,,
99,TT0099WRB,Meranti,Shorea sp.,Pohon Muda,icon/young_tree.svg,Not Defined,25,19,Hutan Kemasyarakatan Rimba Wahana Lestari,Gambut,TDT,0.8964767,102.6527,21.76443794,4.12,Belum,-,-,Ria,25/10/2021 11:08,50000,899.370,-,"Chave et al, 2014",media/1635134871453.jpg,media/1635134887943.jpg,media/1635134898730.jpg,media/1635134911668.jpg,,,,,
100,TT0100WRB,Geronggang,Cratoxylum arborescens,Pohon Muda,icon/young_tree.svg,Least Concern,35,19,Hutan Kemasyarakatan Rimba Wahana Lestari,Gambut,TDT,0.8965017,102.6527867,23.46387207,4.13,Belum,-,-,Ria,25/10/2021 11:11,50000,1456.037,-,"Chave et al, 2014",media/1635135058679.jpg,media/1635135074457.jpg,media/1635135087492.jpg,media/1635135101942.jpg,,,,,
101,TT0101WRB,Meranti,Shorea sp.,Pohon Dewasa,icon/mature_tree.svg,Not Defined,43,20,Hutan Kemasyarakatan Rimba Wahana Lestari,Gambut,TDT,0.8964699,102.6527572,19.59073783,4.13,Belum,-,-,Maringan,25/10/2021 11:14,200000,2725.409,-,"Chave et al, 2014",media/1635135214448.jpg,media/1635135225471.jpg,media/1635135235591.jpg,media/1635135243206.jpg,,,,,
102,TT0102WRB,Meranti,Shorea sp.,Pohon Dewasa,icon/mature_tree.svg,Not Defined,56,25,Hutan Kemasyarakatan Rimba Wahana Lestari,Gambut,TDT,0.89647,102.6527983,27.3199571,4.13,Belum,-,-,Maringan,25/10/2021 11:16,200000,5674.772,-,"Chave et al, 2014",media/1635135376846.jpg,media/1635135386357.jpg,media/1635135398240.jpg,media/1635135406979.jpg,,,,,
103,TT0103WRB,Meranti,Shorea sp.,Pohon Dewasa,icon/mature_tree.svg,Not Defined,40,25,Hutan Kemasyarakatan Rimba Wahana Lestari,Gambut,TDT,0.8964702,102.6528081,25.16197805,4.13,Belum,-,-,Maringan,25/10/2021 11:19,200000,2942.432,-,"Chave et al, 2014",media/1635135530027.jpg,media/1635135537398.jpg,media/1635135547767.jpg,media/1635135556083.jpg,,,,,
104,TT0104WRB,Kelat,Eugenia sp.,Pohon Muda,icon/young_tree.svg,Least Concern,17,9,Hutan Kemasyarakatan Rimba Wahana Lestari,Gambut,TDT,0.8964667,102.65283,19.42547765,4.13,Belum,-,-,Ria,25/10/2021 11:21,50000,247.693,-,"Chave et al, 2014",media/1635135662512.jpg,media/1635135679081.jpg,media/1635135697175.jpg,media/1635135706278.jpg,,,,,
105,TT0105WRB,Kelat,Eugenia sp.,Pohon Muda,icon/young_tree.svg,Least Concern,15,9,Hutan Kemasyarakatan Rimba Wahana Lestari,Gambut,TDT,0.89639,102.6529117,20.66865609,4.15,Belum,-,-,Maringan,25/10/2021 11:23,50000,194.003,-,"Chave et al, 2014",media/1635135769978.jpg,media/1635135779032.jpg,media/1635135789559.jpg,media/1635135797219.jpg,,,,,
106,TT0106WRB,Kelat,Eugenia sp.,Pohon Muda,icon/young_tree.svg,Least Concern,19,21,Hutan Kemasyarakatan Rimba Wahana Lestari,Gambut,TDT,0.8963344,102.6529252,31.24087244,4.15,Belum,-,-,Ria,25/10/2021 11:25,50000,703.639,-,"Chave et al, 2014",media/1635135877023.jpg,media/1635135891076.jpg,media/1635135906081.jpg,media/1635135923971.jpg,,,,,
107,TT0107WRB,Kelat,Eugenia sp.,Pohon Muda,icon/young_tree.svg,Least Concern,20,21,Hutan Kemasyarakatan Rimba Wahana Lestari,Gambut,TDT,0.896395,102.65287,20.07805966,4.14,Belum,-,-,Abu,25/10/2021 11:27,50000,777.738,-,"Chave et al, 2014",media/1635136021331.jpg,media/1635136029538.jpg,media/1635136040585.jpg,media/1635136047396.jpg,,,,,
108,TT0108WRB,Medang,Alseodaphne elmeri,Pohon Muda,icon/young_tree.svg,Vulnerable,35,15,Hutan Kemasyarakatan Rimba Wahana Lestari,Gambut,TDT,0.8963747,102.652968,25.95835997,4.15,Belum,-,-,Abu,25/10/2021 11:29,50000,1357.147,-,"Chave et al, 2014",media/1635136160252.jpg,media/1635136167585.jpg,media/1635136175832.jpg,media/1635136185008.jpg,,,,,
109,TT0109WRB,Geronggang,Cratoxylum arborescens,Pohon Dewasa,icon/mature_tree.svg,Least Concern,49,20,Hutan Kemasyarakatan Rimba Wahana Lestari,Gambut,TDT,0.8964433,102.6528867,27.43465228,4.14,Belum,-,-,Abu,25/10/2021 11:32,200000,2952.270,-,"Chave et al, 2014",media/1635136277490.jpg,media/1635136291077.jpg,media/1635136310056.jpg,media/1635136319466.jpg,,,,,
110,TT0110WRB,Meranti,Shorea sp.,Pohon Muda,icon/young_tree.svg,Not Defined,35,21,Hutan Kemasyarakatan Rimba Wahana Lestari,Gambut,TDT,0.8964119,102.6529483,29.37331542,4.15,Belum,-,-,Abu,25/10/2021 11:34,50000,1912.506,-,"Chave et al, 2014",media/1635136414297.jpg,media/1635136422537.jpg,media/1635136440384.jpg,media/1635136450877.jpg,,,,,
111,TT0111WRB,Kelat,Eugenia sp.,Pohon Muda,icon/young_tree.svg,Least Concern,25,19,Hutan Kemasyarakatan Rimba Wahana Lestari,Gambut,TDT,0.8963557,102.6529357,27.31552871,4.15,Belum,-,-,Ria,25/10/2021 11:37,50000,1090.384,-,"Chave et al, 2014",media/1635136572511.jpg,media/1635136587604.jpg,media/1635136607886.jpg,media/1635136618761.jpg,,,,,
112,TT0112WRB,Medang,Alseodaphne elmeri,Pohon Muda,icon/young_tree.svg,Vulnerable,31,15,Hutan Kemasyarakatan Rimba Wahana Lestari,Gambut,TDT,0.8962791,102.6528959,24.55323313,4.15,Belum,-,-,Ria,25/10/2021 11:39,50000,1070.888,-,"Chave et al, 2014",media/1635136754786.jpg,media/1635136769903.jpg,media/1635136783135.jpg,media/1635136790387.jpg,,,,,
113,TT0113WRB,Meranti,Shorea sp.,Pohon Dewasa,icon/mature_tree.svg,Not Defined,45,17,Hutan Kemasyarakatan Rimba Wahana Lestari,Gambut,TDT,0.8962654,102.6528444,25.09208181,4.15,Belum,-,-,Abu,25/10/2021 11:42,200000,2541.470,-,"Chave et al, 2014",media/1635136905979.jpg,media/1635136914593.jpg,media/1635136929328.jpg,media/1635136946877.jpg,,,,,
114,TT0114WRB,Mahang,Macaranga aleuritoides,Pohon Muda,icon/young_tree.svg,Least Concern,35,19,Hutan Kemasyarakatan Rimba Wahana Lestari,Gambut,TDT,0.8962798,102.6527748,22.08278072,4.14,Belum,-,-,Maringan,25/10/2021 12:23,50000,874.043,-,"Chave et al, 2014",media/1635139376758.jpg,media/1635139386972.jpg,media/1635139405255.jpg,media/1635139416502.jpg,,,,,
115,TT0115RWB,Medang,Alseodaphne elmeri,Pohon Muda,icon/young_tree.svg,Vulnerable,33,20,Hutan Kemasyarakatan Rimba Wahana Lestari,Gambut,TDT,0.8961968,102.6527053,21.74076496,4.14,Belum,-,-,Ria,25/10/2021 12:26,50000,1602.085,-,"Chave et al, 2014",media/1635139520584.jpg,media/1635139530527.jpg,media/1635139548314.jpg,media/1635139565047.jpg,,,,,
116,TT0116RWB,Medang,Alseodaphne elmeri,Pohon Dewasa,icon/mature_tree.svg,Vulnerable,40,15,Hutan Kemasyarakatan Rimba Wahana Lestari,Gambut,TDT,0.8962858,102.6529505,21.3221191,4.15,Belum,-,-,Ria,25/10/2021 12:28,200000,1761.276,-,"Chave et al, 2014",media/1635139678427.jpg,media/1635139691379.jpg,media/1635139712182.jpg,media/1635139724618.jpg,,,,,
117,TT0117RWB,Kelat,Eugenia sp.,Pohon Dewasa,icon/mature_tree.svg,Least Concern,42,19,Hutan Kemasyarakatan Rimba Wahana Lestari,Gambut,Tdt,0.8963247,102.652945,20.5667967,4.15,Belum,-,-,Abu,25/10/2021 12:32,200000,3001.809,-,"Chave et al, 2014",media/1635139867558.jpg,media/1635139898334.jpg,media/1635139916340.jpg,media/1635139931871.jpg,,,,,
118,TT0118RWB,Kelat,Eugenia sp.,Pohon Dewasa,icon/mature_tree.svg,Least Concern,41,21,Hutan Kemasyarakatan Rimba Wahana Lestari,Gambut,Tdt,0.8963973,102.6530302,21.24940352,4.16,Belum,-,-,Ria,25/10/2021 12:34,200000,3157.745,-,"Chave et al, 2014",media/1635140036708.jpg,media/1635140061647.jpg,media/1635140072295.jpg,media/1635140086366.jpg,,,,,
119,TT0119RWB,Kelat,Eugenia sp.,Pohon Dewasa,icon/mature_tree.svg,Least Concern,40,22,Hutan Kemasyarakatan Rimba Wahana Lestari,Gambut,Tdt,0.8963809,102.6530702,24.27782594,4.16,Belum,-,-,Maringan,25/10/2021 12:37,200000,3148.927,-,"Chave et al, 2014",media/1635140171809.jpg,media/1635140181208.jpg,media/1635140215494.jpg,media/1635140228470.jpg,,,,,
120,TT0120RWB,Ramin,Gonystylus bancanus,Pohon Muda,icon/young_tree.svg,Critically Endangered,37,22,Hutan Kemasyarakatan Rimba Wahana Lestari,Gambut,Tdt,0.8964353,102.6530515,23.64869875,4.16,Belum,-,-,Maringan,25/10/2021 12:40,50000,2064.715,-,"Chave et al, 2014",media/1635140345712.jpg,media/1635140356431.jpg,media/1635140375694.jpg,media/1635140397884.jpg,,,,,
121,TT0121RWB,Meranti,Shorea sp.,Pohon Dewasa,icon/mature_tree.svg,Not Defined,47,23,Hutan Kemasyarakatan Rimba Wahana Lestari,Gambut,Tdt,0.8965025,102.6530058,20.90033981,4.15,Belum,-,-,Ria,25/10/2021 12:42,200000,3716.014,-,"Chave et al, 2014",media/1635140474775.jpg,media/1635140488275.jpg,media/1635140508158.jpg,media/1635140529213.jpg,,,,,
122,TT0121RWB,Meranti,Shorea sp.,Pohon Dewasa,icon/mature_tree.svg,Not Defined,45,23,Hutan Kemasyarakatan Rimba Wahana Lestari,Gambut,Tdt,0.8965337,102.6530278,24.7245555,4.15,Belum,-,-,Ria,25/10/2021 12:44,200000,3413.604,-,"Chave et al, 2014",media/1635140645273.jpg,media/1635140655085.jpg,media/1635140667649.jpg,media/1635140684162.jpg,,,,,
123,TT0123RWB,Meranti,Shorea sp.,Pohon Muda,icon/young_tree.svg,Not Defined,38,27,Hutan Kemasyarakatan Rimba Wahana Lestari,Gambut,Tdt,0.8963981,102.6531737,21.82627719,4.17,Belum,-,-,Ria,25/10/2021 12:47,50000,2869.753,-,"Chave et al, 2014",media/1635140779385.jpg,media/1635140788820.jpg,media/1635140808475.jpg,media/1635140819971.jpg,,,,,
124,TT0124RWB,Meranti,Shorea sp.,Pohon Muda,icon/young_tree.svg,Not Defined,20,13,Hutan Kemasyarakatan Rimba Wahana Lestari,Gambut,Tdt,0.8966304,102.653061,22.61059788,4.15,Belum,-,-,Abu,25/10/2021 12:48,50000,401.712,-,"Chave et al, 2014",media/1635140889750.jpg,media/1635140902773.jpg,media/1635140917215.jpg,media/1635140930413.jpg,,,,,
125,TT0125RWB,Meranti,Shorea sp.,Pohon Muda,icon/young_tree.svg,Not Defined,33,14,Hutan Kemasyarakatan Rimba Wahana Lestari,Gambut,Tdt,0.89657,102.65318,20.33827538,4.16,Belum,-,-,Abu,25/10/2021 12:50,50000,1147.773,-,"Chave et al, 2014",media/1635140999820.jpg,media/1635141008415.jpg,media/1635141025569.jpg,media/1635141042199.jpg,,,,,
126,TT0126RWB,Meranti,Shorea sp.,Pohon Muda,icon/young_tree.svg,Not Defined,25,17,Hutan Kemasyarakatan Rimba Wahana Lestari,Gambut,Tdt,0.89654,102.6531262,29.8593766,4.16,Belum,-,-,Ria,25/10/2021 12:54,50000,806.850,-,"Chave et al, 2014",media/1635141208085.jpg,media/1635141218120.jpg,media/1635141235711.jpg,media/1635141245296.jpg,,,,,
127,TT0127RWB,Meranti,Shorea sp.,Pohon Muda,icon/young_tree.svg,Not Defined,26,19,Hutan Kemasyarakatan Rimba Wahana Lestari,Gambut,Tdt,0.8966925,102.6531294,24.09642229,4.15,Belum,-,-,Ria,25/10/2021 12:55,50000,970.929,-,"Chave et al, 2014",media/1635141314381.jpg,media/1635141322941.jpg,media/1635141336628.jpg,media/1635141353884.jpg,,,,,
128,TT0128RWB,Meranti,Shorea sp.,Pohon Muda,icon/young_tree.svg,Not Defined,32,22,Hutan Kemasyarakatan Rimba Wahana Lestari,Gambut,Tdt,0.8966533,102.65322,24.15657423,4.16,Belum,-,-,Ria,25/10/2021 12:57,50000,1680.170,-,"Chave et al, 2014",media/1635141437009.jpg,media/1635141447994.jpg,media/1635141463319.jpg,media/1635141472925.jpg,,,,,
129,TT0129RWB,Bintangur,Calophyllum sp.,Pohon Dewasa,icon/mature_tree.svg,Least Concern,48,19,Hutan Kemasyarakatan Rimba Wahana Lestari,Gambut,Tdt,0.896625,102.653169,24.87960955,4.16,Belum,-,-,Maringan,25/10/2021 13:00,200000,3087.569,-,"Chave et al, 2014",media/1635141562127.jpg,media/1635141573377.jpg,media/1635141591096.jpg,media/1635141601349.jpg,,,,,
130,TT0130RWB,Bintangur,Calophyllum sp.,Pohon Dewasa,icon/mature_tree.svg,Least Concern,45,24,Hutan Kemasyarakatan Rimba Wahana Lestari,Gambut,Tdt,0.8966824,102.6531902,20.31712711,4.16,Belum,-,-,Abu,25/10/2021 13:02,200000,3419.222,-,"Chave et al, 2014",media/1635141704080.jpg,media/1635141712442.jpg,media/1635141725424.jpg,media/1635141742918.jpg,,,,,
131,TT0131RWB,Bintangur,Calophyllum sp.,Pohon Muda,icon/young_tree.svg,Least Concern,34,26,Hutan Kemasyarakatan Rimba Wahana Lestari,Gambut,Tdt,0.8966531,102.6531269,31.93831341,4.15,Belum,-,-,Maringan,25/10/2021 13:04,50000,2139.100,-,"Chave et al, 2014",media/1635141816394.jpg,media/1635141824043.jpg,media/1635141837791.jpg,media/1635141851134.jpg,,,,,
132,TT0132RWB,Meranti,Shorea sp.,Pohon Muda,icon/young_tree.svg,Not Defined,20,19,Hutan Kemasyarakatan Rimba Wahana Lestari,Gambut,Tdt,0.896658,102.6531841,27.27127123,4.16,Belum,-,-,Abu,25/10/2021 13:06,50000,581.795,-,"Chave et al, 2014",media/1635141931028.jpg,media/1635141951716.jpg,media/1635141972724.jpg,media/1635141992135.jpg,,,,,
133,TT0133RWB,Meranti,Shorea sp.,Pohon Muda,icon/young_tree.svg,Not Defined,32,24,Hutan Kemasyarakatan Rimba Wahana Lestari,Gambut,Tdt,0.8967493,102.6532166,24.30585973,4.16,Belum,-,-,Ria,25/10/2021 13:08,50000,1829.089,-,"Chave et al, 2014",media/1635142093040.jpg,media/1635142108080.jpg,media/1635142118714.jpg,media/1635142132585.jpg,,,,,
134,TT0134RWB,Medang,Alseodaphne elmeri,Pohon Muda,icon/young_tree.svg,Vulnerable,34,18,Hutan Kemasyarakatan Rimba Wahana Lestari,Gambut,Tdt,0.8967143,102.6530642,14.62266504,4.14,Belum,-,-,Abu,25/10/2021 13:11,50000,1532.265,-,"Chave et al, 2014",media/1635142231158.jpg,media/1635142241104.jpg,media/1635142253904.jpg,media/1635142265914.jpg,,,,,
135,TT0135RWB,Meranti,Shorea sp.,Pohon Muda,icon/young_tree.svg,Not Defined,21,21,Hutan Kemasyarakatan Rimba Wahana Lestari,Gambut,Tdt,0.8967232,102.6531328,26.68918644,4.15,Belum,-,-,Maringan,25/10/2021 13:13,50000,705.593,-,"Chave et al, 2014",media/1635142336104.jpg,media/1635142350052.jpg,media/1635142369347.jpg,media/1635142384319.jpg,,,,,
136,TT0136RWB,Bintangur,Calophyllum sp.,Pohon Muda,icon/young_tree.svg,Least Concern,36,21,Hutan Kemasyarakatan Rimba Wahana Lestari,Gambut,Tdt,0.8967754,102.6532118,33.97746864,4.15,Belum,-,-,Maringan,25/10/2021 13:15,50000,1941.596,-,"Chave et al, 2014",media/1635142470937.jpg,media/1635142479579.jpg,media/1635142492130.jpg,media/1635142507075.jpg,,,,,
137,TT0137RWB,Meranti,Shorea sp.,Pohon Muda,icon/young_tree.svg,Not Defined,37,29,Hutan Kemasyarakatan Rimba Wahana Lestari,Gambut,Tdt,0.8967317,102.6532092,21.89367504,4.16,Belum,-,-,Ria,25/10/2021 13:17,50000,2920.964,-,"Chave et al, 2014",media/1635142587254.jpg,media/1635142596026.jpg,media/1635142606865.jpg,media/1635142624001.jpg,,,,,
138,TT0138RWB,Meranti,Shorea sp.,Pohon Muda,icon/young_tree.svg,Not Defined,31,17,Hutan Kemasyarakatan Rimba Wahana Lestari,Gambut,Tdt,0.896817,102.6532724,22.31006417,4.16,Belum,-,-,Ria,25/10/2021 13:20,50000,1227.869,-,"Chave et al, 2014",media/1635142774132.jpg,media/1635142785060.jpg,media/1635142801713.jpg,media/1635142815968.jpg,,,,,
139,TT0139RWB,Meranti,Shorea sp.,Pohon Muda,icon/young_tree.svg,Not Defined,36,19,Hutan Kemasyarakatan Rimba Wahana Lestari,Gambut,Tdt,0.8967022,102.6533273,18.16639005,4.17,Belum,-,-,Abu,25/10/2021 13:22,50000,1832.576,-,"Chave et al, 2014",media/1635142899296.jpg,media/1635142910816.jpg,media/1635142936103.jpg,media/1635142951742.jpg,,,,,
140,TT0140RWB,Bintangur,Calophyllum sp.,Pohon Muda,icon/young_tree.svg,Least Concern,37,21,Hutan Kemasyarakatan Rimba Wahana Lestari,Gambut,Tdt,0.896736,102.6533171,16.93077987,4.17,Belum,-,-,Ria,25/10/2021 13:25,50000,2048.265,-,"Chave et al, 2014",media/1635143036804.jpg,media/1635143059444.jpg,media/1635143077756.jpg,media/1635143090735.jpg,,,,,
141,TT0141RWB,Meranti,Shorea sp.,Pohon Muda,icon/young_tree.svg,Not Defined,28,15,Hutan Kemasyarakatan Rimba Wahana Lestari,Gambut,Tdt,0.8967855,102.6533145,26.419118,4.16,Belum,-,-,Abu,25/10/2021 13:27,50000,890.868,-,"Chave et al, 2014",media/1635143198553.jpg,media/1635143207264.jpg,media/1635143223978.jpg,media/1635143237652.jpg,,,,,
142,TT0142RWB,Meranti,Shorea sp.,Pohon Muda,icon/young_tree.svg,Not Defined,27,11,Hutan Kemasyarakatan Rimba Wahana Lestari,Gambut,Tdt,0.8967192,102.653355,20.7722264,4.17,Belum,-,-,Ria,25/10/2021 13:29,50000,613.080,-,"Chave et al, 2014",media/1635143340065.jpg,media/1635143358926.jpg,media/1635143371331.jpg,media/1635143379181.jpg,,,,,
143,TT0143RWB,Meranti,Shorea sp.,Pohon Dewasa,icon/mature_tree.svg,Not Defined,45,21,Hutan Kemasyarakatan Rimba Wahana Lestari,Gambut,Tdt,0.8965234,102.6529435,78.69654555,4.14,Belum,-,-,Abu,25/10/2021 14:30,200000,3123.581,-,"Chave et al, 2014",media/1635146991872.jpg,media/1635147001397.jpg,media/1635147009525.jpg,media/1635147017725.jpg,,,,,
144,TT0144RWB,Meranti,Shorea sp.,Pohon Dewasa,icon/mature_tree.svg,Not Defined,51,25,Hutan Kemasyarakatan Rimba Wahana Lestari,Gambut,TDT,0.8968319,102.653268,64.82592242,4.16,Belum,-,-,Maringan,25/10/2021 14:32,200000,4727.836,-,"Chave et al, 2014",media/1635147120725.jpg,media/1635147128842.jpg,media/1635147139196.jpg,media/1635147145706.jpg,,,,,
145,TT0145RWB,Meranti,Shorea sp.,Pohon Muda,icon/young_tree.svg,Not Defined,18,19,Hutan Kemasyarakatan Rimba Wahana Lestari,Gambut,TDT,0.8967064,102.6533076,75.30827216,4.17,Belum,-,-,Abu,25/10/2021 14:34,50000,473.643,-,"Chave et al, 2014",media/1635147225142.jpg,media/1635147236359.jpg,media/1635147247669.jpg,media/1635147254009.jpg,,,,,
146,TT0146RWB,Meranti,Shorea sp.,Pohon Dewasa,icon/mature_tree.svg,Not Defined,52,25,Hutan Kemasyarakatan Rimba Wahana Lestari,Gambut,TDT,0.8967659,102.6533251,52.63248783,4.17,Belum,-,-,Maringan,25/10/2021 14:35,200000,4910.480,-,"Chave et al, 2014",media/1635147320791.jpg,media/1635147333172.jpg,media/1635147343811.jpg,media/1635147350202.jpg,,,,,
147,TT0147RWB,Meranti,Shorea sp.,Pohon Muda,icon/young_tree.svg,Not Defined,28,19,Hutan Kemasyarakatan Rimba Wahana Lestari,Gambut,TDT,0.8966941,102.653324,65.47514579,4.17,Belum,-,-,Abu,25/10/2021 14:37,50000,1122.049,-,"Chave et al, 2014",media/1635147420527.jpg,media/1635147428107.jpg,media/1635147438436.jpg,media/1635147444599.jpg,,,,,
148,TT0148RWB,Meranti,Shorea sp.,Pohon Dewasa,icon/mature_tree.svg,Not Defined,50,21,Hutan Kemasyarakatan Rimba Wahana Lestari,Gambut,TDT,0.8967462,102.6533295,62.44493975,4.17,Belum,-,-,Ria,25/10/2021 14:39,200000,3836.820,-,"Chave et al, 2014",media/1635147506961.jpg,media/1635147517445.jpg,media/1635147533087.jpg,media/1635147539495.jpg,,,,,
149,TT0149RWB,Meranti,Shorea sp.,Pohon Dewasa,icon/mature_tree.svg,Not Defined,48,12,Hutan Kemasyarakatan Rimba Wahana Lestari,Gambut,TDT,0.8966781,102.6533239,64.49242749,4.17,Belum,-,-,Abu,25/10/2021 14:41,200000,2051.917,-,"Chave et al, 2014",media/1635147682281.jpg,media/1635147688725.jpg,media/1635147706396.jpg,media/1635147714070.jpg,,,,,
150,TT0150RWB,Kelat,Eugenia sp.,Pohon Muda,icon/young_tree.svg,Least Concern,31,18,Hutan Kemasyarakatan Rimba Wahana Lestari,Gambut,TDT,0.8967113,102.6534673,58.7665133,4.18,Belum,-,-,Ria,25/10/2021 14:44,50000,1574.059,-,"Chave et al, 2014",media/1635147805087.jpg,media/1635147816773.jpg,media/1635147827019.jpg,media/1635147836677.jpg,,,,,
151,TT0151RWB,Kelat,Eugenia sp.,Pohon Muda,icon/young_tree.svg,Least Concern,26,15,Hutan Kemasyarakatan Rimba Wahana Lestari,Gambut,TDT,0.8965727,102.6533731,75.60236985,4.18,Belum,-,-,Abu,25/10/2021 14:45,50000,934.609,-,"Chave et al, 2014",media/1635147898258.jpg,media/1635147905963.jpg,media/1635147914598.jpg,media/1635147923086.jpg,,,,,
152,TT0152RWB,Meranti,Shorea sp.,Pohon Dewasa,icon/mature_tree.svg,Not Defined,48,21,Hutan Kemasyarakatan Rimba Wahana Lestari,Gambut,TDT,0.896562,102.6533998,69.85032135,4.18,Belum,-,-,Maringan,25/10/2021 14:47,200000,3542.949,-,"Chave et al, 2014",media/1635147996169.jpg,media/1635148001974.jpg,media/1635148010442.jpg,media/1635148018065.jpg,,,,,
153,TT0153RWB,Kelat,Eugenia sp.,Pohon Muda,icon/young_tree.svg,Least Concern,23,19,Hutan Kemasyarakatan Rimba Wahana Lestari,Gambut,TDT,0.8965145,102.6534692,62.12700067,4.19,Belum,-,-,Abu,25/10/2021 14:49,50000,926.602,-,"Chave et al, 2014",media/1635148117281.jpg,media/1635148124944.jpg,media/1635148134368.jpg,media/1635148144870.jpg,,,,,
154,TT0154RWB,Kelat,Eugenia sp.,Pohon Muda,icon/young_tree.svg,Least Concern,23,18,Hutan Kemasyarakatan Rimba Wahana Lestari,Gambut,TDT,0.8965493,102.6534984,57.8949956,4.19,Belum,-,-,Ria,25/10/2021 14:50,50000,878.973,-,"Chave et al, 2014",media/1635148217288.jpg,media/1635148223762.jpg,media/1635148232959.jpg,media/1635148240212.jpg,,,,,
155,TT0155RWB,Kelat,Eugenia sp.,Pohon Muda,icon/young_tree.svg,Least Concern,20,17,Hutan Kemasyarakatan Rimba Wahana Lestari,Gambut,TDT,0.8965324,102.6533711,55.20470127,4.18,Belum,-,-,Maringan,25/10/2021 14:52,50000,632.799,-,"Chave et al, 2014",media/1635148311337.jpg,media/1635148319326.jpg,media/1635148327746.jpg,media/1635148334862.jpg,,,,,
156,TT0156RWB,Kelat,Eugenia sp.,Pohon Muda,icon/young_tree.svg,Least Concern,31,15,Hutan Kemasyarakatan Rimba Wahana Lestari,Gambut,TDT,0.8964689,102.6534028,59.3773476,4.19,Belum,-,-,Ria,25/10/2021 14:53,50000,1317.468,-,"Chave et al, 2014",media/1635148404029.jpg,media/1635148410102.jpg,media/1635148417891.jpg,media/1635148424136.jpg,,,,,
157,TT0157RWB,Meranti,Shorea sp.,Pohon Dewasa,icon/mature_tree.svg,Not Defined,55,25,Hutan Kemasyarakatan Rimba Wahana Lestari,Gambut,TDT,0.8965587,102.6534454,58.41969176,4.19,Belum,-,-,Abu,25/10/2021 14:55,200000,5478.648,-,"Chave et al, 2014",media/1635148496602.jpg,media/1635148503201.jpg,media/1635148512420.jpg,media/1635148520856.jpg,,,,,
158,TT0158RWB,Meranti,Shorea sp.,Pohon Dewasa,icon/mature_tree.svg,Not Defined,43,14,Hutan Kemasyarakatan Rimba Wahana Lestari,Gambut,TDT,0.8963824,102.6534752,57.22917954,4.2,Belum,-,-,Maringan,25/10/2021 14:58,200000,1924.187,-,"Chave et al, 2014",media/1635148684189.jpg,media/1635148691052.jpg,media/1635148700552.jpg,media/1635148712585.jpg,,,,,
159,TT0159RWB,Tenggayun,Parartocarpus sp.,Pohon Dewasa,icon/mature_tree.svg,Not Defined,41,25,Hutan Kemasyarakatan Rimba Wahana Lestari,Gambut,TDT,0.8964486,102.6535566,58.79756379,4.21,Belum,-,-,Ria,25/10/2021 15:01,200000,2424.150,-,"Chave et al, 2014",media/1635148839789.jpg,media/1635148852546.jpg,media/1635148862055.jpg,media/1635148868293.jpg,,,,,
160,TT0160RWB,Jangkang,Sterculia foetida ,Pohon Muda,icon/young_tree.svg,Not Defined,30,20,Hutan Kemasyarakatan Rimba Wahana Lestari,Gambut,TDT,0.8964193,102.653541,52.81032266,4.21,Belum,-,-,Abu,25/10/2021 15:02,50000,1183.457,-,"Chave et al, 2014",media/1635148934986.jpg,media/1635148941982.jpg,media/1635148952966.jpg,media/1635148961499.jpg,,,,,
161,TT0161RWB,Meranti,Shorea sp.,Pohon Muda,icon/young_tree.svg,Not Defined,22,18,Hutan Kemasyarakatan Rimba Wahana Lestari,Gambut,TDT,0.8963802,102.6536389,51.27948741,4.22,Belum,-,-,Maringan,25/10/2021 15:04,50000,664.739,-,"Chave et al, 2014",media/1635149025406.jpg,media/1635149034378.jpg,media/1635149044503.jpg,media/1635149051418.jpg,,,,,
162,TT0162RWB,Kelat,Eugenia sp.,Pohon Muda,icon/young_tree.svg,Least Concern,20,15,Hutan Kemasyarakatan Rimba Wahana Lestari,Gambut,TDT,0.896384,102.6535747,58.55155672,4.21,Belum,-,-,Abu,25/10/2021 15:05,50000,560.032,-,"Chave et al, 2014",media/1635149129328.jpg,media/1635149135047.jpg,media/1635149143743.jpg,media/1635149150546.jpg,,,,,
163,TT0163RWB,Meranti,Shorea sp.,Pohon Dewasa,icon/mature_tree.svg,Not Defined,50,21,Hutan Kemasyarakatan Rimba Wahana Lestari,Gambut,TDT,0.8964426,102.6536539,52.73968908,4.22,Belum,-,-,Abu,25/10/2021 15:08,200000,3836.820,-,"Chave et al, 2014",media/1635149256968.jpg,media/1635149263535.jpg,media/1635149274800.jpg,media/1635149286201.jpg,,,,,
164,TT0164RWB,Kelat,Eugenia sp.,Pohon Muda,icon/young_tree.svg,Least Concern,32,16,Hutan Kemasyarakatan Rimba Wahana Lestari,Gambut,TDT,0.8964817,102.6535786,59.52028742,4.21,Belum,-,-,Ria,25/10/2021 15:10,50000,1492.832,-,"Chave et al, 2014",media/1635149366337.jpg,media/1635149384351.jpg,media/1635149395700.jpg,media/1635149407031.jpg,,,,,
165,TT0165RWB,Kelat,Eugenia sp.,Pohon Muda,icon/young_tree.svg,Least Concern,26,17,Hutan Kemasyarakatan Rimba Wahana Lestari,Gambut,TDT,0.8963234,102.6536744,54.22288824,4.22,Belum,-,-,Abu,25/10/2021 15:11,50000,1056.047,-,"Chave et al, 2014",media/1635149477179.jpg,media/1635149484593.jpg,media/1635149499523.jpg,media/1635149508780.jpg,,,,,
166,TT0166RWB,Kelat,Eugenia sp.,Pohon Muda,icon/young_tree.svg,Least Concern,29,15,Hutan Kemasyarakatan Rimba Wahana Lestari,Gambut,TDT,0.896306,102.6536035,54.7511198,4.22,Belum,-,-,Abu,25/10/2021 15:13,50000,1156.653,-,"Chave et al, 2014",media/1635149584446.jpg,media/1635149591590.jpg,media/1635149600757.jpg,media/1635149608698.jpg,,,,,
167,TT0167RWB,Meranti,Shorea sp.,Pohon Dewasa,icon/mature_tree.svg,Not Defined,41,20,Hutan Kemasyarakatan Rimba Wahana Lestari,Gambut,TDT,0.8963883,102.6536733,42.52184687,4.22,Belum,-,-,Ria,25/10/2021 15:15,200000,2483.449,-,"Chave et al, 2014",media/1635149689077.jpg,media/1635149698505.jpg,media/1635149710155.jpg,media/1635149719810.jpg,,,,,
168,TT0168RWB,Geronggang,Cratoxylum arborescens,Pohon Muda,icon/young_tree.svg,Least Concern,30,19,Hutan Kemasyarakatan Rimba Wahana Lestari,Gambut,TDT,0.89628,102.6536833,57.24559744,4.23,Belum,-,-,Ria,25/10/2021 15:17,50000,1077.686,-,"Chave et al, 2014",media/1635149796661.jpg,media/1635149810844.jpg,media/1635149829817.jpg,media/1635149841215.jpg,,,,,
169,TT0169RWB,Meranti,Shorea sp.,Pohon Muda,icon/young_tree.svg,Not Defined,39,17,Hutan Kemasyarakatan Rimba Wahana Lestari,Gambut,TDT,0.8963211,102.6535882,54.63469398,4.22,Belum,-,-,Abu,25/10/2021 15:20,50000,1922.083,-,"Chave et al, 2014",media/1635149957982.jpg,media/1635149970110.jpg,media/1635149980573.jpg,media/1635150006471.jpg,,,,,
170,TT0170RWB,Mahang,Macaranga aleuritoides,Pohon Muda,icon/young_tree.svg,Least Concern,25,21,Hutan Kemasyarakatan Rimba Wahana Lestari,Gambut,TDT,0.8962467,102.6534133,53.70403955,4.2,Belum,-,-,Ria,25/10/2021 15:21,50000,499.705,-,"Chave et al, 2014",media/1635150057743.jpg,media/1635150075099.jpg,media/1635150084388.jpg,media/1635150095048.jpg,,,,,
171,TT0171RWB,Mahang,Macaranga aleuritoides,Pohon Muda,icon/young_tree.svg,Least Concern,28,17,Hutan Kemasyarakatan Rimba Wahana Lestari,Gambut,TDT,0.8962582,102.6535552,56.72738141,4.22,Belum,-,-,Abu,25/10/2021 15:23,50000,507.247,-,"Chave et al, 2014",media/1635150160233.jpg,media/1635150167212.jpg,media/1635150177317.jpg,media/1635150186466.jpg,,,,,
172,TT0172RWB,Kelat,Eugenia sp.,Pohon Muda,icon/young_tree.svg,Least Concern,24,7,Hutan Kemasyarakatan Rimba Wahana Lestari,Gambut,TDT,0.8962498,102.653661,58.3114751,4.23,Belum,-,-,Abu,25/10/2021 15:25,50000,379.949,-,"Chave et al, 2014",media/1635150286091.jpg,media/1635150294479.jpg,media/1635150303415.jpg,media/1635150311585.jpg,,,,,
173,TT0173RWB,Mahang,Macaranga aleuritoides,Pohon Dewasa,icon/mature_tree.svg,Least Concern,43,16,Hutan Kemasyarakatan Rimba Wahana Lestari,Gambut,TDT,0.8962587,102.6535011,60.69196803,4.21,Belum,-,-,Abu,25/10/2021 15:27,200000,1104.588,-,"Chave et al, 2014",media/1635150415344.jpg,media/1635150422334.jpg,media/1635150434781.jpg,media/1635150442188.jpg,,,,,
174,TT0174RWB,Mahang,Macaranga aleuritoides,Pohon Dewasa,icon/mature_tree.svg,Least Concern,47,20,Hutan Kemasyarakatan Rimba Wahana Lestari,Gambut,TDT,0.8963183,102.653265,45.70007776,4.18,Belum,-,-,Maringan,25/10/2021 15:29,200000,1633.762,-,"Chave et al, 2014",media/1635150524981.jpg,media/1635150538562.jpg,media/1635150548745.jpg,media/1635150562301.jpg,,,,,
175,TT0175RWB,Geronggang,Cratoxylum arborescens,Pohon Dewasa,icon/mature_tree.svg,Least Concern,50,18,Hutan Kemasyarakatan Rimba Wahana Lestari,Gambut,TDT,0.8962078,102.653146,48.19320163,4.18,Belum,-,-,Maringan,25/10/2021 15:31,200000,2770.917,-,"Chave et al, 2014",media/1635150633917.jpg,media/1635150640656.jpg,media/1635150649428.jpg,media/1635150658321.jpg,,,,,
176,TT0176RWB,Kelat,Eugenia sp.,Pohon Muda,icon/young_tree.svg,Least Concern,29,18,Hutan Kemasyarakatan Rimba Wahana Lestari,Gambut,TDT,0.8960887,102.6525685,24.99741836,4.13,Belum,-,-,Maringan,25/10/2021 15:46,50000,1381.923,-,"Chave et al, 2014",media/1635151544249.jpg,media/1635151560844.jpg,media/1635151572200.jpg,media/1635151582249.jpg,,,,,
177,TT0177RWB,Kelat,Eugenia sp.,Pohon Muda,icon/young_tree.svg,Least Concern,25,19,Hutan Kemasyarakatan Rimba Wahana Lestari,Gambut,TDT,0.896097,102.6526966,28.02074624,4.14,Belum,-,-,Ria,25/10/2021 15:47,50000,1090.384,-,"Chave et al, 2014",media/1635151646184.jpg,media/1635151652274.jpg,media/1635151660983.jpg,media/1635151670227.jpg,,,,,
178,TT0178RWB,Punak,Tetramerista glabra,Pohon Muda,icon/young_tree.svg,Vulnerable,32,17,Hutan Kemasyarakatan Rimba Wahana Lestari,Gambut,TDT,0.8960962,102.6526684,20.01333331,4.14,Belum,-,-,Abu,25/10/2021 15:49,50000,1337.446,-,"Chave et al, 2014",media/1635151748368.jpg,media/1635151757690.jpg,media/1635151768577.jpg,media/1635151775014.jpg,,,,,
179,TT0179RWB,Centai,-,Pohon Muda,icon/young_tree.svg,Not Defined,35,17,Hutan Kemasyarakatan Rimba Wahana Lestari,Gambut,TDT,0.8961078,102.6526929,24.58712718,4.14,Belum,-,-,Maringan,25/10/2021 15:51,50000,2084.212,-,"Brown, 1997",media/1635151859291.jpg,media/1635151866586.jpg,media/1635151876073.jpg,media/1635151882913.jpg,,,,,
180,TT0180RWB,Bintangur,Calophyllum sp.,Pohon Muda,icon/young_tree.svg,Least Concern,25,15,Hutan Kemasyarakatan Rimba Wahana Lestari,Gambut,TDT,0.8961933,102.6526499,20.08830271,4.13,Belum,-,-,Abu,25/10/2021 15:53,50000,686.142,-,"Chave et al, 2014",media/1635151951193.jpg,media/1635151961756.jpg,media/1635151973922.jpg,media/1635151981657.jpg,,,,,
181,TT0181RWB,Centai,-,Pohon Muda,icon/young_tree.svg,Not Defined,35,18,Hutan Kemasyarakatan Rimba Wahana Lestari,Gambut,TDT,0.8961039,102.6527217,22.42370662,4.14,Belum,-,-,Abu,25/10/2021 15:55,50000,2084.212,-,"Brown, 1997",media/1635152090773.jpg,media/1635152100713.jpg,media/1635152109614.jpg,media/1635152116426.jpg,,,,,
182,TT0182RWB,Geronggang,Cratoxylum arborescens,Pohon Dewasa,icon/mature_tree.svg,Least Concern,53,25,Hutan Kemasyarakatan Rimba Wahana Lestari,Gambut,TDT,0.8960798,102.6527592,25.23504136,4.15,Belum,-,-,Maringan,25/10/2021 15:57,200000,4278.229,-,"Chave et al, 2014",media/1635152202441.jpg,media/1635152218120.jpg,media/1635152228783.jpg,media/1635152238296.jpg,,,,,
183,TT0183RWB,Geronggang,Cratoxylum arborescens,Pohon Dewasa,icon/mature_tree.svg,Least Concern,52,23,Hutan Kemasyarakatan Rimba Wahana Lestari,Gambut,TDT,0.8960203,102.6527252,22.92092179,4.15,Belum,-,-,Abu,25/10/2021 15:59,200000,3799.907,-,"Chave et al, 2014",media/1635152325765.jpg,media/1635152332548.jpg,media/1635152342836.jpg,media/1635152353110.jpg,,,,,
184,TT0184RWB,Jangkang,Sterculia foetida ,Pohon Dewasa,icon/mature_tree.svg,Not Defined,48,19,Hutan Kemasyarakatan Rimba Wahana Lestari,Gambut,TDT,0.8960317,102.6527245,22.94319242,4.15,Belum,-,-,Ria,25/10/2021 16:00,200000,2817.430,-,"Chave et al, 2014",media/1635152424358.jpg,media/1635152431867.jpg,media/1635152441514.jpg,media/1635152448666.jpg,,,,,
185,TT0185MF,Ukam,-,Pohon Muda,icon/young_tree.svg,Not Defined,35,15,Hutan Kemasyarakatan KT Mangrove Formula,Mangrove,Lkt,0.9620044,102.3452573,18.84142179,0.47,Belum,-,-,Maringan,26/10/2021 13:51,50000,1549.711,-,"Krisnawati et al, 2012",media/1635230978800.jpg,media/1635231002778.jpg,media/1635231053505.jpg,media/1635231074462.jpg,,,,,
186,TT0186MF,Tumo,-,Pohon Muda,icon/young_tree.svg,Not Defined,27,15,Hutan Kemasyarakatan KT Mangrove Formula,Mangrove,Lkt,0.9617658,102.345086,4.346044649,0.45,Belum,-,-,Maringan,26/10/2021 14:04,50000,862.063,-,"Krisnawati et al, 2012",media/1635231801646.jpg,media/1635231821923.jpg,media/1635231844743.jpg,media/1635231872142.jpg,,,,,
187,TT0187MF,Tumo,-,Pohon Muda,icon/young_tree.svg,Not Defined,22,14,Hutan Kemasyarakatan KT Mangrove Formula,Mangrove,Lkt,0.9619217,102.3450433,7.655984429,0.47,Belum,-,-,Ria,26/10/2021 14:17,50000,542.665,-,"Krisnawati et al, 2012",media/1635232442200.jpg,media/1635232510268.jpg,media/1635232600386.jpg,media/1635232614809.jpg,,,,,
188,TT0193MF,Bakau,Rhizophora mucronata,Pohon Dewasa,icon/mature_tree.svg,Least concern,50,20,Hutan Kemasyarakatan KT Mangrove Formula,Mangrove,Lkt,0.961988,102.3442655,-25.56327754,0.49,Belum,-,-,Ria,26/10/2021 15:22,200000,3469.997,-,"Krisnawati et al, 2012",media/1635236433311.jpg,media/1635236450929.jpg,media/1635236477395.jpg,media/1635236557012.jpg,,,,,
189,TT0188MF,Bebuto,-,Pohon Muda,icon/young_tree.svg,Not Defined,37,15,Hutan Kemasyarakatan KT Mangrove Formula,Mangrove,lkt,0.9619505,102.3450209,11.58733846,0.47,Belum,-,-,Ria,26/10/2021 14:22,50000,1757.085,-,"Krisnawati et al, 2012",media/1635232874887.jpg,media/1635232896835.jpg,media/1635232918623.jpg,media/1635232955019.jpg,,,,,
190,TT0189MF,Bakau,Rhizophora mucronata,Pohon Muda,icon/young_tree.svg,Least concern,23,15,Hutan Kemasyarakatan KT Mangrove Formula,Mangrove,lkt,0.9618147,102.3450533,4.43941112,0.45,Belum,-,-,Ria,26/10/2021 14:29,50000,600.015,-,"Krisnawati et al, 2012",media/1635233268805.jpg,media/1635233344606.jpg,media/1635233365376.jpg,media/1635233378908.jpg,,,,,
191,TT0180MF,Tumo,-,Pohon Muda,icon/young_tree.svg,Not Defined,35,20,Hutan Kemasyarakatan KT Mangrove Formula,Mangrove,lkt,0.9619839,102.3450025,7.906334606,0.47,Belum,-,-,Abu,26/10/2021 14:33,50000,1549.711,-,"Krisnawati et al, 2012",media/1635233553238.jpg,media/1635233566637.jpg,media/1635233581096.jpg,media/1635233593872.jpg,,,,,
192,TT0191MF,Bebuto,-,Pohon Muda,icon/young_tree.svg,Not Defined,15,20,Hutan Kemasyarakatan KT Mangrove Formula,Mangrove,lkt,0.9618001,102.345008,8.531568066,0.45,Belum,-,-,Ria,26/10/2021 14:37,50000,228.362,-,"Krisnawati et al, 2012",media/1635233810944.jpg,media/1635233824640.jpg,media/1635233835678.jpg,media/1635233857903.jpg,,,,,
193,TT0192MF,Bakau,Rhizophora mucronata,Pohon Muda,icon/young_tree.svg,Least concern,15,30,Hutan Kemasyarakatan KT Mangrove Formula,Mangrove,lkt,0.96186,102.3450662,12.67164196,0.46,Belum,-,-,Ria,26/10/2021 14:44,50000,228.362,-,"Krisnawati et al, 2012",media/1635234170159.jpg,media/1635234201362.jpg,media/1635234214580.jpg,media/1635234228991.jpg,,,,,
